2017-11-17 13:15:57.380934	+024.6C
2017-11-17 13:16:07.284731	+041.7C
2017-11-17 13:16:17.187724	+047.0C
2017-11-17 13:16:27.091871	+048.4C
2017-11-17 13:16:36.995863	+049.1C
2017-11-17 13:16:46.900640	+049.2C
2017-11-17 13:16:56.803854	+049.2C
2017-11-17 13:17:06.707881	+049.2C
2017-11-17 13:17:16.611916	+049.1C
2017-11-17 13:17:26.514867	+049.1C
2017-11-17 13:17:36.418789	+048.4C
2017-11-17 13:17:46.321892	+048.0C
2017-11-17 13:17:56.224870	+047.9C
2017-11-17 13:18:06.128878	+048.1C
2017-11-17 13:18:16.031858	+047.7C
2017-11-17 13:18:25.934778	+047.6C
2017-11-17 13:18:35.837882	+047.6C
2017-11-17 13:18:45.740903	+047.3C
2017-11-17 13:18:55.643877	+047.7C
2017-11-17 13:19:05.546883	+047.7C
2017-11-17 13:19:15.449879	+047.6C
2017-11-17 13:19:25.352938	+047.5C
2017-11-17 13:19:35.254934	+047.4C
2017-11-17 13:19:45.158056	+047.3C
2017-11-17 13:19:55.060799	+040.7C
2017-11-17 13:20:04.963883	+036.8C
2017-11-17 13:20:14.867858	+034.6C
2017-11-17 13:20:24.770759	+032.8C
2017-11-17 13:20:34.673754	+031.3C
2017-11-17 13:20:44.577822	+030.0C
2017-11-17 13:20:54.480880	+028.9C
2017-11-17 13:21:04.384122	+028.1C
2017-11-17 13:21:14.288943	+027.3C
2017-11-17 13:21:24.191967	+026.7C
2017-11-17 13:21:34.094776	+026.1C
2017-11-17 13:21:43.998919	+025.7C
2017-11-17 13:21:53.901856	+025.3C
2017-11-17 13:22:03.805899	+024.8C
2017-11-17 13:22:13.708797	+024.5C
2017-11-17 13:22:23.612785	+024.1C
2017-11-17 13:30:36.579821	+021.8C
2017-11-17 13:30:52.789771	+022.0C
2017-11-17 13:31:02.693907	+022.0C
2017-11-17 13:31:12.596865	+022.1C
2017-11-17 13:31:22.499792	+022.1C
2017-11-17 13:31:32.403929	+022.0C
2017-11-17 13:31:42.308063	+022.0C
2017-11-17 13:31:52.210829	+022.0C
2017-11-17 13:32:02.115022	+022.0C
2017-11-17 13:32:12.018719	+022.0C
2017-11-17 13:32:21.922845	+022.0C
2017-11-17 13:32:31.826823	+021.9C
2017-11-17 13:32:41.730873	+021.9C
2017-11-17 13:32:51.635071	+021.9C
2017-11-17 13:33:01.539093	+022.0C
2017-11-17 13:33:11.443884	+022.0C
2017-11-17 13:33:21.347887	+021.9C
2017-11-17 13:33:31.251857	+022.0C
2017-11-17 13:33:41.156752	+022.0C
2017-11-17 13:33:51.060814	+022.0C
2017-11-17 13:34:00.964949	+022.0C
2017-11-17 13:34:10.868966	+022.0C
2017-11-17 13:34:20.773108	+022.1C
2017-11-17 13:34:30.677800	+022.0C
2017-11-17 13:34:40.581796	+022.0C
2017-11-17 13:34:50.485883	+022.1C
2017-11-17 13:35:00.389800	+022.1C
2017-11-17 13:35:10.293913	+022.1C
2017-11-17 13:35:20.197958	+022.1C
2017-11-17 13:35:30.101799	+022.1C
2017-11-17 13:35:40.005687	+022.1C
2017-11-17 13:35:49.910905	+022.1C
2017-11-17 13:35:59.814807	+022.2C
2017-11-17 13:36:09.717906	+022.2C
2017-11-17 13:36:19.622796	+022.2C
2017-11-17 13:36:29.526916	+022.2C
2017-11-17 13:36:39.430976	+022.2C
2017-11-17 13:36:49.334750	+022.2C
2017-11-17 13:36:59.238966	+022.2C
2017-11-17 13:37:09.141870	+022.2C
2017-11-17 13:37:19.044723	+022.2C
2017-11-17 13:37:28.948863	+022.2C
2017-11-17 13:37:38.852781	+022.3C
2017-11-17 13:37:48.756792	+022.2C
2017-11-17 13:37:58.660906	+022.2C
2017-11-17 13:38:08.563846	+022.2C
2017-11-17 13:38:18.467878	+022.2C
2017-11-17 13:38:28.371916	+022.3C
2017-11-17 13:38:38.275725	+025.6C
2017-11-17 13:38:48.180060	+024.9C
2017-11-17 13:38:58.083789	+024.6C
2017-11-17 13:39:07.987763	+024.4C
2017-11-17 13:39:17.893093	+024.2C
2017-11-17 13:39:27.796150	+024.1C
2017-11-17 13:39:37.700864	+023.9C
2017-11-17 13:39:47.604792	+023.7C
2017-11-17 13:39:57.508844	+023.6C
2017-11-17 13:40:07.412882	+023.5C
2017-11-17 13:40:17.317820	+023.4C
2017-11-17 13:40:27.221711	+023.3C
2017-11-17 13:40:37.125862	+023.2C
2017-11-17 13:40:47.029863	+023.1C
2017-11-17 13:40:56.933862	+023.0C
2017-11-17 13:41:06.838906	+022.9C
2017-11-17 13:41:16.742861	+022.9C
2017-11-17 13:41:26.647820	+022.8C
2017-11-17 13:41:36.551815	+022.7C
2017-11-17 13:41:46.456062	+022.7C
2017-11-17 13:41:56.360789	+022.7C
2017-11-17 13:42:06.265889	+022.6C
2017-11-17 13:42:16.169888	+022.6C
2017-11-17 13:42:26.074724	+022.6C
2017-11-17 13:42:35.979003	+022.6C
2017-11-17 13:42:45.883764	+022.5C
2017-11-17 13:42:55.788868	+022.4C
2017-11-17 13:43:05.693130	+022.4C
2017-11-17 13:43:15.597989	+022.4C
2017-11-17 13:43:25.501740	+022.3C
2017-11-17 13:43:35.406016	+022.3C
2017-11-17 13:43:45.310725	+022.3C
2017-11-17 13:43:55.214903	+022.3C
2017-11-17 13:44:05.118908	+022.3C
2017-11-17 13:44:15.022111	+022.3C
2017-11-17 13:44:24.926015	+022.6C
2017-11-17 13:44:34.829848	+022.5C
2017-11-17 13:44:44.733845	+022.4C
2017-11-17 13:44:54.637863	+022.4C
2017-11-17 13:45:04.541904	+022.4C
2017-11-17 13:45:14.445862	+022.3C
2017-11-17 13:45:24.349858	+022.3C
2017-11-17 13:45:34.253742	+022.3C
2017-11-17 13:45:44.157845	+022.2C
2017-11-17 13:45:54.061820	+022.2C
2017-11-17 13:46:03.966908	+022.1C
2017-11-17 13:46:13.870931	+022.1C
2017-11-17 13:46:23.774961	+022.1C
2017-11-17 13:46:33.678851	+022.1C
2017-11-17 13:46:43.583787	+022.1C
2017-11-17 13:46:53.487954	+022.1C
2017-11-17 13:47:03.392066	+022.1C
2017-11-17 13:47:13.296862	+022.1C
2017-11-17 13:47:23.201916	+022.0C
2017-11-17 13:47:33.105862	+022.0C
2017-11-17 13:47:43.010801	+021.9C
2017-11-17 13:47:52.914868	+022.0C
2017-11-17 13:48:02.819723	+021.9C
2017-11-17 13:48:12.723844	+021.9C
2017-11-17 13:48:22.628927	+021.9C
2017-11-17 13:48:32.532817	+021.9C
2017-11-17 13:48:42.437825	+021.9C
2017-11-17 13:48:52.341806	+021.9C
2017-11-17 13:49:02.245846	+021.9C
2017-11-17 13:49:12.150884	+021.9C
2017-11-17 13:49:22.054870	+021.9C
2017-11-17 13:49:31.958874	+021.9C
2017-11-17 13:49:41.863907	+021.9C
2017-11-17 13:49:51.767867	+021.9C
2017-11-17 13:50:01.672798	+021.9C
2017-11-17 13:50:11.576865	+021.9C
2017-11-17 13:50:21.481017	+021.9C
2017-11-17 13:50:31.385859	+021.9C
2017-11-17 13:50:41.290903	+021.9C
2017-11-17 13:50:51.194862	+021.9C
2017-11-17 13:51:01.098865	+021.9C
2017-11-17 13:51:11.003861	+021.9C
2017-11-17 13:51:20.907865	+021.9C
2017-11-17 13:51:30.811876	+021.9C
2017-11-17 13:51:40.715821	+021.9C
2017-11-17 13:51:50.619906	+021.9C
2017-11-17 13:52:00.523900	+021.9C
2017-11-17 13:52:10.427794	+021.8C
2017-11-17 13:52:20.332921	+021.8C
2017-11-17 13:52:30.236861	+021.8C
2017-11-17 13:52:40.141917	+021.8C
2017-11-17 13:52:50.045861	+021.8C
2017-11-17 13:52:59.950859	+021.8C
2017-11-17 13:53:09.854969	+021.8C
2017-11-17 13:53:19.759727	+021.8C
2017-11-17 13:53:29.664915	+021.8C
2017-11-17 13:53:39.568862	+021.9C
2017-11-17 13:53:49.473906	+021.9C
2017-11-17 13:53:59.377968	+021.9C
2017-11-17 13:54:09.281712	+021.9C
2017-11-17 13:54:19.186882	+021.9C
2017-11-17 13:54:29.090864	+021.9C
2017-11-17 13:54:38.994859	+021.9C
2017-11-17 13:54:48.899906	+021.9C
2017-11-17 13:54:58.803748	+021.8C
2017-11-17 13:55:08.707859	+021.8C
2017-11-17 13:55:18.611876	+021.9C
2017-11-17 13:55:28.515870	+021.8C
2017-11-17 13:55:38.419847	+021.8C
2017-11-17 13:55:48.323781	+021.8C
2017-11-17 13:55:58.227712	+021.8C
2017-11-17 13:56:08.131788	+021.8C
2017-11-17 13:56:18.036820	+021.8C
2017-11-17 13:56:27.940882	+021.8C
2017-11-17 13:56:37.844772	+021.8C
2017-11-17 13:56:47.749930	+021.8C
2017-11-17 13:56:57.653843	+021.7C
2017-11-17 13:57:07.557797	+021.7C
2017-11-17 13:57:17.461875	+021.7C
2017-11-17 13:57:27.365843	+021.7C
2017-11-17 13:57:37.270905	+021.7C
2017-11-17 13:57:47.174018	+021.7C
2017-11-17 13:57:57.077840	+021.7C
2017-11-17 13:58:06.981856	+021.7C
2017-11-17 13:58:16.886987	+021.7C
2017-11-17 13:58:26.790019	+021.7C
2017-11-17 13:58:36.694156	+021.7C
2017-11-17 13:58:46.598859	+021.7C
2017-11-17 13:58:56.503913	+021.7C
2017-11-17 13:59:06.407959	+021.7C
2017-11-17 13:59:16.312916	+021.7C
2017-11-17 13:59:26.216902	+021.7C
2017-11-17 13:59:36.120868	+021.6C
2017-11-17 13:59:46.024862	+021.6C
2017-11-17 13:59:55.928777	+021.7C
2017-11-17 14:00:05.832845	+021.7C
2017-11-17 14:00:15.736838	+021.6C
2017-11-17 14:00:25.641948	+021.6C
2017-11-17 14:00:35.545219	+021.6C
2017-11-17 14:00:45.449874	+021.7C
2017-11-17 14:00:55.353885	+021.6C
2017-11-17 14:01:05.257896	+021.6C
2017-11-17 14:01:15.161908	+021.6C
2017-11-17 14:01:25.065879	+021.6C
2017-11-17 14:01:34.969885	+021.6C
2017-11-17 14:01:44.873878	+021.6C
2017-11-17 14:01:54.777932	+021.6C
2017-11-17 14:02:04.681911	+021.6C
2017-11-17 14:02:14.586097	+021.7C
2017-11-17 14:02:24.489881	+021.7C
2017-11-17 14:02:34.393921	+021.7C
2017-11-17 14:02:44.297789	+021.6C
2017-11-17 14:02:54.201961	+021.6C
2017-11-17 14:03:04.105055	+021.6C
2017-11-17 14:03:14.009859	+021.6C
2017-11-17 14:03:23.914049	+021.6C
2017-11-17 14:03:33.817920	+021.6C
2017-11-17 14:03:43.721824	+021.6C
2017-11-17 14:03:53.625809	+021.6C
2017-11-17 14:04:03.529858	+021.6C
2017-11-17 14:04:13.433882	+021.6C
2017-11-17 14:04:23.337879	+021.6C
2017-11-17 14:04:33.241881	+021.6C
2017-11-17 14:04:43.146006	+021.6C
2017-11-17 14:04:53.050932	+021.6C
2017-11-17 14:05:02.954880	+021.7C
2017-11-17 14:05:12.858814	+021.7C
2017-11-17 14:05:22.763065	+021.7C
2017-11-17 14:05:32.667885	+021.7C
2017-11-17 14:05:42.571874	+021.7C
2017-11-17 14:05:52.475861	+021.7C
2017-11-17 14:06:02.379780	+021.7C
2017-11-17 14:06:12.284755	+021.7C
2017-11-17 14:06:22.188883	+021.7C
2017-11-17 14:06:32.093014	+021.7C
2017-11-17 14:06:41.996057	+021.7C
2017-11-17 14:06:51.900802	+021.7C
2017-11-17 14:07:01.804861	+021.7C
2017-11-17 14:07:11.708701	+021.7C
2017-11-17 14:07:21.612727	+021.8C
2017-11-17 14:07:31.517820	+021.7C
2017-11-17 14:07:41.421730	+021.8C
2017-11-17 14:07:51.325906	+021.8C
2017-11-17 14:08:01.229120	+021.8C
2017-11-17 14:08:11.133897	+021.8C
2017-11-17 14:08:21.037881	+021.8C
2017-11-17 14:08:30.941908	+021.8C
2017-11-17 14:08:40.846057	+021.8C
2017-11-17 14:08:50.750904	+021.8C
2017-11-17 14:09:00.654895	+021.8C
2017-11-17 14:09:10.559887	+021.8C
2017-11-17 14:09:20.463947	+021.8C
2017-11-17 14:09:30.368949	+021.7C
2017-11-17 14:09:40.272906	+021.8C
2017-11-17 14:09:50.176846	+021.8C
2017-11-17 14:10:00.081950	+021.8C
2017-11-17 14:10:09.986275	+021.7C
2017-11-17 14:10:19.889792	+021.8C
2017-11-17 14:10:29.793757	+021.7C
2017-11-17 14:10:39.698757	+021.7C
2017-11-17 14:10:49.603822	+021.7C
2017-11-17 14:10:59.507843	+021.7C
2017-11-17 14:11:09.412920	+021.7C
2017-11-17 14:11:19.316789	+021.7C
2017-11-17 14:11:29.220847	+021.7C
2017-11-17 14:11:39.125111	+021.7C
2017-11-17 14:11:49.029802	+021.7C
2017-11-17 14:11:58.933860	+021.7C
2017-11-17 14:12:08.837866	+021.7C
2017-11-17 14:12:18.742828	+021.7C
2017-11-17 14:12:28.646751	+021.7C
2017-11-17 14:12:38.551087	+021.7C
2017-11-17 14:12:48.456150	+021.7C
2017-11-17 14:12:58.359803	+021.7C
2017-11-17 14:13:08.263843	+021.7C
2017-11-17 14:13:18.168982	+021.7C
2017-11-17 14:13:28.073078	+021.7C
2017-11-17 14:13:37.977144	+021.7C
2017-11-17 14:13:47.881920	+021.7C
2017-11-17 14:13:57.785868	+021.7C
2017-11-17 14:14:07.689859	+021.7C
2017-11-17 14:14:17.594842	+021.7C
2017-11-17 14:14:27.498882	+021.7C
2017-11-17 14:14:37.403791	+021.7C
2017-11-17 14:14:47.307749	+021.7C
2017-11-17 14:14:57.211769	+021.7C
2017-11-17 14:15:07.116877	+021.7C
2017-11-17 14:15:17.021015	+021.7C
2017-11-17 14:15:26.925877	+021.7C
2017-11-17 14:15:36.830933	+021.7C
2017-11-17 14:15:46.734859	+021.7C
2017-11-17 14:15:56.639785	+021.7C
2017-11-17 14:16:06.544857	+021.7C
2017-11-17 14:16:16.449001	+021.7C
2017-11-17 14:16:26.353862	+021.7C
2017-11-17 14:16:36.258863	+021.7C
2017-11-17 14:16:46.162875	+021.7C
2017-11-17 14:16:56.067899	+021.7C
2017-11-17 14:17:05.971867	+021.7C
2017-11-17 14:17:15.875874	+021.7C
2017-11-17 14:17:25.780976	+021.7C
2017-11-17 14:17:35.685861	+021.7C
2017-11-17 14:17:45.590907	+021.7C
2017-11-17 14:17:55.494879	+021.7C
2017-11-17 14:18:05.398793	+021.7C
2017-11-17 14:18:15.302844	+021.7C
2017-11-17 14:18:25.207907	+021.7C
2017-11-17 14:18:35.111831	+021.8C
2017-11-17 14:18:45.016847	+021.7C
2017-11-17 14:18:54.921895	+021.7C
2017-11-17 14:19:04.826862	+021.7C
2017-11-17 14:19:14.731850	+021.7C
2017-11-17 14:19:24.636850	+021.7C
2017-11-17 14:19:34.541874	+021.8C
2017-11-17 14:19:44.446866	+021.7C
2017-11-17 14:19:54.351897	+021.7C
2017-11-17 14:20:04.256932	+021.8C
2017-11-17 14:20:14.161081	+021.7C
2017-11-17 14:20:24.065775	+021.7C
2017-11-17 14:20:33.970789	+021.7C
2017-11-17 14:20:43.875759	+021.7C
2017-11-17 14:20:53.779788	+021.7C
2017-11-17 14:21:03.684907	+021.7C
2017-11-17 14:21:13.590181	+021.7C
2017-11-17 14:21:23.494904	+021.8C
2017-11-17 14:21:33.399820	+021.7C
2017-11-17 14:21:43.305833	+021.7C
2017-11-17 14:21:53.209866	+021.7C
2017-11-17 14:22:03.114907	+021.7C
2017-11-17 14:22:13.019835	+021.7C
2017-11-17 14:22:22.924959	+021.7C
2017-11-17 14:22:32.829859	+021.8C
2017-11-17 14:22:42.734837	+021.8C
2017-11-17 14:22:52.639841	+021.8C
2017-11-17 14:23:02.544801	+021.8C
2017-11-17 14:23:12.449794	+021.8C
2017-11-17 14:23:22.354860	+021.8C
2017-11-17 14:23:32.259014	+021.8C
2017-11-17 14:23:42.163861	+021.8C
2017-11-17 14:23:52.068370	+021.8C
2017-11-17 14:24:01.973906	+021.8C
2017-11-17 14:24:11.877820	+021.8C
2017-11-17 14:24:21.782884	+021.8C
2017-11-17 14:24:31.687907	+021.8C
2017-11-17 14:24:41.592940	+021.8C
2017-11-17 14:24:51.497903	+021.8C
2017-11-17 14:25:01.402739	+021.8C
2017-11-17 14:25:11.307860	+021.7C
2017-11-17 14:25:21.212776	+021.8C
2017-11-17 14:25:31.117848	+021.7C
2017-11-17 14:25:41.022867	+021.7C
2017-11-17 14:25:50.927863	+021.7C
2017-11-17 14:26:00.832883	+021.7C
2017-11-17 14:26:10.737928	+021.7C
2017-11-17 14:26:20.641840	+021.7C
2017-11-17 14:26:30.547096	+021.7C
2017-11-17 14:26:40.451906	+021.7C
2017-11-17 14:26:50.355845	+021.7C
2017-11-17 14:27:00.260976	+021.7C
2017-11-17 14:27:10.165805	+021.7C
2017-11-17 14:27:20.070201	+021.7C
2017-11-17 14:27:29.975160	+021.7C
2017-11-17 14:27:39.879842	+021.7C
2017-11-17 14:27:49.784859	+021.7C
2017-11-17 14:27:59.689928	+021.7C
2017-11-17 14:28:09.594091	+021.7C
2017-11-17 14:28:19.499905	+021.7C
2017-11-17 14:28:29.404062	+021.7C
2017-11-17 14:28:39.308847	+021.7C
2017-11-17 14:28:49.213800	+021.7C
2017-11-17 14:28:59.118905	+021.7C
2017-11-17 14:29:09.022846	+021.7C
2017-11-17 14:29:18.927810	+021.7C
2017-11-17 14:29:28.832909	+021.7C
2017-11-17 14:29:38.736846	+021.7C
2017-11-17 14:29:48.641865	+021.7C
2017-11-17 14:29:58.546942	+021.7C
2017-11-17 14:30:08.450797	+021.7C
2017-11-17 14:30:18.355883	+021.7C
2017-11-17 14:30:28.260908	+021.7C
2017-11-17 14:30:38.164862	+021.7C
2017-11-17 14:30:48.069844	+021.7C
2017-11-17 14:30:57.974867	+021.7C
2017-11-17 14:31:07.878870	+021.7C
2017-11-17 14:31:17.786292	+021.7C
2017-11-17 14:31:27.688885	+021.7C
2017-11-17 14:31:37.593062	+021.7C
2017-11-17 14:31:47.498089	+021.6C
2017-11-17 14:31:57.402905	+021.7C
2017-11-17 14:32:07.307907	+021.6C
2017-11-17 14:32:17.211848	+021.6C
2017-11-17 14:32:27.117904	+021.6C
2017-11-17 14:32:37.021895	+021.6C
2017-11-17 14:32:46.926852	+021.6C
2017-11-17 14:32:56.831888	+021.7C
2017-11-17 14:33:06.735933	+021.7C
2017-11-17 14:33:16.640783	+021.6C
2017-11-17 14:33:26.545866	+021.6C
2017-11-17 14:33:36.449795	+021.6C
2017-11-17 14:33:46.353788	+021.6C
2017-11-17 14:33:56.258908	+021.6C
2017-11-17 14:34:06.162970	+021.6C
2017-11-17 14:34:16.067861	+021.6C
2017-11-17 14:34:25.971856	+021.6C
2017-11-17 14:34:35.876079	+021.6C
2017-11-17 14:34:45.780869	+021.6C
2017-11-17 14:34:55.685867	+021.6C
2017-11-17 14:35:05.589859	+021.6C
2017-11-17 14:35:15.494903	+021.6C
2017-11-17 14:35:25.398883	+021.6C
2017-11-17 14:35:35.302775	+021.6C
2017-11-17 14:35:45.207906	+021.6C
2017-11-17 14:35:55.111916	+021.6C
2017-11-17 14:36:05.015865	+021.6C
2017-11-17 14:36:14.919839	+021.6C
2017-11-17 14:36:24.823777	+021.6C
2017-11-17 14:36:34.728839	+021.6C
2017-11-17 14:36:44.633819	+021.6C
2017-11-17 14:36:54.538020	+021.6C
2017-11-17 14:37:04.442855	+021.7C
2017-11-17 14:37:14.346779	+021.6C
2017-11-17 14:37:24.251908	+021.6C
2017-11-17 14:37:34.155902	+021.6C
2017-11-17 14:37:44.059839	+021.6C
2017-11-17 14:37:53.963785	+021.6C
2017-11-17 14:38:03.868905	+021.6C
2017-11-17 14:38:13.772795	+021.6C
2017-11-17 14:38:23.677909	+021.6C
2017-11-17 14:38:33.581796	+021.6C
2017-11-17 14:38:43.486793	+021.6C
2017-11-17 14:38:53.391104	+021.6C
2017-11-17 14:39:03.295794	+021.7C
2017-11-17 14:39:13.200833	+021.7C
2017-11-17 14:39:23.105905	+021.7C
2017-11-17 14:39:33.009790	+021.7C
2017-11-17 14:39:42.914026	+021.7C
2017-11-17 14:39:52.818790	+021.7C
2017-11-17 14:40:02.723860	+021.7C
2017-11-17 14:40:12.628382	+021.6C
2017-11-17 14:40:22.533070	+021.7C
2017-11-17 14:40:32.437862	+021.7C
2017-11-17 14:40:42.343284	+021.6C
2017-11-17 14:40:52.246823	+021.6C
2017-11-17 14:41:02.151760	+021.6C
2017-11-17 14:41:12.056753	+021.6C
2017-11-17 14:41:21.961906	+021.6C
2017-11-17 14:41:31.865776	+021.6C
2017-11-17 14:41:41.770743	+021.6C
2017-11-17 14:41:51.675793	+021.6C
2017-11-17 14:42:01.580839	+021.6C
2017-11-17 14:42:11.485860	+021.6C
2017-11-17 14:42:21.390862	+021.7C
2017-11-17 14:42:31.295974	+021.6C
2017-11-17 14:42:41.200865	+021.6C
2017-11-17 14:42:51.105862	+021.7C
2017-11-17 14:43:01.010869	+021.6C
2017-11-17 14:43:10.916908	+021.6C
2017-11-17 14:43:20.821918	+021.6C
2017-11-17 14:43:30.725861	+021.6C
2017-11-17 14:43:40.630774	+021.6C
2017-11-17 14:43:50.535868	+021.6C
2017-11-17 14:44:00.440860	+021.6C
2017-11-17 14:44:10.345794	+021.6C
2017-11-17 14:44:20.250887	+021.6C
2017-11-17 14:44:30.156906	+021.6C
2017-11-17 14:44:40.061921	+021.6C
2017-11-17 14:44:49.966060	+021.6C
2017-11-17 14:44:59.871916	+021.6C
2017-11-17 14:45:09.776009	+021.6C
2017-11-17 14:45:19.680860	+021.6C
2017-11-17 14:45:29.585908	+021.6C
2017-11-17 14:45:39.489870	+021.6C
2017-11-17 14:45:49.394745	+021.6C
2017-11-17 14:45:59.299124	+021.6C
2017-11-17 14:46:09.204910	+021.6C
2017-11-17 14:46:19.109820	+021.6C
2017-11-17 14:46:29.014905	+021.6C
2017-11-17 14:46:38.919907	+021.6C
2017-11-17 14:46:48.824903	+021.6C
2017-11-17 14:46:58.729020	+021.6C
2017-11-17 14:47:08.634907	+021.6C
2017-11-17 14:47:18.539906	+021.6C
2017-11-17 14:47:28.444935	+021.6C
2017-11-17 14:47:38.349908	+021.6C
2017-11-17 14:47:48.254905	+021.6C
2017-11-17 14:47:58.159823	+021.6C
2017-11-17 14:48:08.064904	+021.6C
2017-11-17 14:48:17.969908	+021.6C
2017-11-17 14:48:27.873847	+021.6C
2017-11-17 14:48:37.778802	+021.6C
2017-11-17 14:48:47.683881	+021.6C
2017-11-17 14:48:57.588864	+021.6C
2017-11-17 14:49:07.494045	+021.6C
2017-11-17 14:49:17.399900	+021.6C
2017-11-17 14:49:27.304925	+021.6C
2017-11-17 14:49:37.209944	+021.6C
2017-11-17 14:49:47.113865	+021.6C
2017-11-17 14:49:57.018868	+021.6C
2017-11-17 14:50:06.923798	+021.6C
2017-11-17 14:50:16.828753	+021.6C
2017-11-17 14:50:26.733851	+021.6C
2017-11-17 14:50:36.638914	+021.6C
2017-11-17 14:50:46.543962	+021.6C
2017-11-17 14:50:56.448961	+021.6C
2017-11-17 14:51:06.353920	+021.6C
2017-11-17 14:51:16.258883	+021.6C
2017-11-17 14:51:26.163884	+021.6C
2017-11-17 14:51:36.068879	+021.6C
2017-11-17 14:51:45.974926	+021.6C
2017-11-17 14:51:55.879875	+021.6C
2017-11-17 14:52:05.784884	+021.6C
2017-11-17 14:52:15.690969	+021.6C
2017-11-17 14:52:25.595935	+021.6C
2017-11-17 14:52:35.500939	+021.6C
2017-11-17 14:52:45.405885	+021.6C
2017-11-17 14:52:55.310814	+021.6C
2017-11-17 14:53:05.215819	+021.5C
2017-11-17 14:53:15.120797	+021.6C
2017-11-17 14:53:25.026834	+021.6C
2017-11-17 14:53:34.931907	+021.6C
2017-11-17 14:53:44.836877	+021.6C
2017-11-17 14:53:54.742817	+021.6C
2017-11-17 14:54:04.648051	+021.6C
2017-11-17 14:54:14.553883	+021.6C
2017-11-17 14:54:24.459875	+021.6C
2017-11-17 14:54:34.364802	+021.6C
2017-11-17 14:54:44.270815	+021.6C
2017-11-17 14:54:54.176941	+021.6C
2017-11-17 14:55:04.082910	+021.6C
2017-11-17 14:55:13.987863	+021.6C
2017-11-17 14:55:23.893820	+021.6C
2017-11-17 14:55:33.799101	+021.5C
2017-11-17 14:55:43.704798	+021.6C
2017-11-17 14:55:53.610368	+021.6C
2017-11-17 14:56:03.516905	+021.6C
2017-11-17 14:56:13.421738	+021.6C
2017-11-17 14:56:23.326776	+021.6C
2017-11-17 14:56:33.232884	+021.6C
2017-11-17 14:56:43.137840	+021.6C
2017-11-17 14:56:53.043933	+021.6C
2017-11-17 14:57:02.948793	+021.6C
2017-11-17 14:57:12.854906	+021.6C
2017-11-17 14:57:22.759835	+021.6C
2017-11-17 14:57:32.665902	+021.6C
2017-11-17 14:57:42.570853	+021.6C
2017-11-17 14:57:52.476867	+021.6C
2017-11-17 14:58:02.382084	+021.6C
2017-11-17 14:58:12.288902	+021.6C
2017-11-17 14:58:22.193886	+021.6C
2017-11-17 14:58:32.099811	+021.5C
2017-11-17 14:58:42.005906	+021.5C
2017-11-17 14:58:51.910795	+021.6C
2017-11-17 14:59:01.816901	+021.6C
2017-11-17 14:59:11.721830	+021.5C
2017-11-17 14:59:21.627906	+021.6C
2017-11-17 14:59:31.532871	+021.6C
2017-11-17 14:59:41.437912	+021.6C
2017-11-17 14:59:51.342866	+021.6C
2017-11-17 15:00:01.247862	+021.6C
2017-11-17 15:00:11.152771	+021.6C
2017-11-17 15:00:21.057866	+021.6C
2017-11-17 15:00:30.962864	+021.6C
2017-11-17 15:00:40.867795	+021.6C
2017-11-17 15:00:50.772838	+021.6C
2017-11-17 15:01:00.677015	+021.6C
2017-11-17 15:01:10.581828	+021.6C
2017-11-17 15:01:20.486883	+021.6C
2017-11-17 15:01:30.391804	+021.6C
2017-11-17 15:01:40.296864	+021.6C
2017-11-17 15:01:50.201857	+021.6C
2017-11-17 15:02:00.107016	+021.6C
2017-11-17 15:02:10.012939	+021.6C
2017-11-17 15:02:19.917904	+021.6C
2017-11-17 15:02:29.822923	+021.6C
2017-11-17 15:02:39.727906	+021.6C
2017-11-17 15:02:49.632747	+021.6C
2017-11-17 15:02:59.537847	+021.6C
2017-11-17 15:03:09.443905	+021.6C
2017-11-17 15:03:19.348741	+021.6C
2017-11-17 15:03:29.254906	+021.6C
2017-11-17 15:03:39.159839	+021.6C
2017-11-17 15:03:49.064846	+021.6C
2017-11-17 15:03:58.970903	+021.6C
2017-11-17 15:04:08.875863	+021.6C
2017-11-17 15:04:18.781919	+021.6C
2017-11-17 15:04:28.686819	+021.6C
2017-11-17 15:04:38.592859	+021.6C
2017-11-17 15:04:48.497863	+021.6C
2017-11-17 15:04:58.402911	+021.6C
2017-11-17 15:05:08.308793	+021.6C
2017-11-17 15:05:18.213802	+021.6C
2017-11-17 15:05:28.119791	+021.6C
2017-11-17 15:05:38.025820	+021.5C
2017-11-17 15:05:47.930863	+021.6C
2017-11-17 15:05:57.836806	+021.5C
2017-11-17 15:06:07.741902	+021.6C
2017-11-17 15:06:17.647859	+021.6C
2017-11-17 15:06:27.553831	+021.6C
2017-11-17 15:06:37.458868	+021.5C
2017-11-17 15:06:47.364014	+021.5C
2017-11-17 15:06:57.269843	+021.6C
2017-11-17 15:07:07.175912	+021.6C
2017-11-17 15:07:17.080864	+021.6C
2017-11-17 15:07:26.985866	+021.5C
2017-11-17 15:07:36.890828	+021.6C
2017-11-17 15:07:46.795860	+021.6C
2017-11-17 15:07:56.701910	+021.6C
2017-11-17 15:08:06.606860	+021.6C
2017-11-17 15:08:16.513105	+021.5C
2017-11-17 15:08:26.417864	+021.5C
2017-11-17 15:08:36.323056	+021.5C
2017-11-17 15:08:46.228885	+021.5C
2017-11-17 15:08:56.134256	+021.5C
2017-11-17 15:09:06.039872	+021.5C
2017-11-17 15:09:15.945873	+021.5C
2017-11-17 15:09:25.851913	+021.5C
2017-11-17 15:09:35.756860	+021.5C
2017-11-17 15:09:45.662855	+021.5C
2017-11-17 15:09:55.567863	+021.5C
2017-11-17 15:10:05.473847	+021.4C
2017-11-17 15:10:15.378844	+021.5C
2017-11-17 15:10:25.284747	+021.5C
2017-11-17 15:10:35.190719	+021.4C
2017-11-17 15:10:45.095771	+021.5C
2017-11-17 15:10:55.000846	+021.5C
2017-11-17 15:11:04.906839	+021.5C
2017-11-17 15:11:14.812760	+021.4C
2017-11-17 15:11:24.717713	+021.4C
2017-11-17 15:11:34.622717	+021.5C
2017-11-17 15:11:44.528825	+021.5C
2017-11-17 15:11:54.433789	+021.5C
2017-11-17 15:12:04.339903	+021.5C
2017-11-17 15:12:14.245914	+021.6C
2017-11-17 15:12:24.150872	+021.6C
2017-11-17 15:12:34.056818	+021.6C
2017-11-17 15:12:43.962792	+021.6C
2017-11-17 15:12:53.868906	+021.6C
2017-11-17 15:13:03.774183	+021.6C
2017-11-17 15:13:13.679750	+021.6C
2017-11-17 15:13:23.584879	+021.6C
2017-11-17 15:13:33.490727	+021.6C
2017-11-17 15:13:43.395793	+021.6C
2017-11-17 15:13:53.301760	+021.6C
2017-11-17 15:14:03.206804	+021.6C
2017-11-17 15:14:13.112777	+021.6C
2017-11-17 15:14:23.017861	+021.6C
2017-11-17 15:14:32.923863	+021.6C
2017-11-17 15:14:42.829914	+021.6C
2017-11-17 15:14:52.734061	+021.7C
2017-11-17 15:15:02.639904	+021.7C
2017-11-17 15:15:12.544810	+021.6C
2017-11-17 15:15:22.450003	+021.7C
2017-11-17 15:15:32.355846	+021.7C
2017-11-17 15:15:42.261804	+021.7C
2017-11-17 15:15:52.167820	+021.7C
2017-11-17 15:16:02.072838	+021.7C
2017-11-17 15:16:11.981254	+021.7C
2017-11-17 15:16:21.882809	+021.7C
2017-11-17 15:16:31.788859	+021.7C
2017-11-17 15:16:41.693872	+021.7C
2017-11-17 15:16:51.599018	+021.7C
2017-11-17 15:17:01.504860	+021.7C
2017-11-17 15:17:11.410906	+021.7C
2017-11-17 15:17:21.315864	+021.7C
2017-11-17 15:17:31.221894	+021.7C
2017-11-17 15:17:41.127904	+021.7C
2017-11-17 15:17:51.033933	+021.7C
2017-11-17 15:18:00.938776	+021.8C
2017-11-17 15:18:10.844991	+021.7C
2017-11-17 15:18:20.750905	+021.8C
2017-11-17 15:18:30.655875	+021.8C
2017-11-17 15:18:40.560866	+021.8C
2017-11-17 15:18:50.465862	+021.8C
2017-11-17 15:19:00.370862	+021.8C
2017-11-17 15:19:10.275739	+021.8C
2017-11-17 15:19:20.180789	+021.8C
2017-11-17 15:19:30.086915	+021.9C
2017-11-17 15:19:39.991957	+021.8C
2017-11-17 15:19:49.896801	+021.8C
2017-11-17 15:19:59.801920	+021.8C
2017-11-17 15:20:09.705847	+021.8C
2017-11-17 15:20:19.611114	+021.8C
2017-11-17 15:20:29.516018	+021.8C
2017-11-17 15:20:39.421899	+021.8C
2017-11-17 15:20:49.326905	+021.8C
2017-11-17 15:20:59.231909	+021.8C
2017-11-17 15:21:09.136936	+021.9C
2017-11-17 15:21:19.041917	+021.8C
2017-11-17 15:21:28.946907	+021.9C
2017-11-17 15:21:38.851867	+021.9C
2017-11-17 15:21:48.756876	+021.9C
2017-11-17 15:21:58.662939	+021.9C
2017-11-17 15:22:08.568188	+021.9C
2017-11-17 15:22:18.472863	+021.9C
2017-11-17 15:22:28.379219	+021.9C
2017-11-17 15:22:38.282829	+021.9C
2017-11-17 15:22:48.187883	+021.9C
2017-11-17 15:22:58.092879	+021.9C
2017-11-17 15:23:07.997874	+021.9C
2017-11-17 15:23:17.902064	+021.9C
2017-11-17 15:23:27.807022	+021.9C
2017-11-17 15:23:37.711755	+021.9C
2017-11-17 15:23:47.616902	+021.9C
2017-11-17 15:23:57.522055	+021.9C
2017-11-17 15:24:07.427022	+021.9C
2017-11-17 15:24:17.332064	+021.9C
2017-11-17 15:24:27.236798	+021.9C
2017-11-17 15:24:37.141780	+021.9C
2017-11-17 15:24:47.046818	+021.9C
2017-11-17 15:24:56.951826	+021.9C
2017-11-17 15:25:06.856883	+021.9C
2017-11-17 15:25:16.762712	+021.9C
2017-11-17 15:25:26.667941	+021.9C
2017-11-17 15:25:36.572961	+021.9C
2017-11-17 15:25:46.476863	+022.0C
2017-11-17 15:25:56.381869	+022.0C
2017-11-17 15:26:06.286799	+022.0C
2017-11-17 15:26:16.191816	+022.0C
2017-11-17 15:26:26.096888	+021.9C
2017-11-17 15:26:36.001940	+022.0C
2017-11-17 15:26:45.906979	+021.9C
2017-11-17 15:26:55.811937	+022.0C
2017-11-17 15:27:05.715880	+022.0C
2017-11-17 15:27:15.620901	+022.0C
2017-11-17 15:27:25.524879	+022.1C
2017-11-17 15:27:35.429826	+022.0C
2017-11-17 15:27:45.334885	+022.1C
2017-11-17 15:27:55.239848	+022.1C
2017-11-17 15:28:05.144897	+022.1C
2017-11-17 15:28:15.049815	+022.1C
2017-11-17 15:28:24.954817	+022.1C
2017-11-17 15:28:34.859865	+022.2C
2017-11-17 15:28:44.765925	+022.2C
2017-11-17 15:28:54.670904	+022.2C
2017-11-17 15:29:04.575923	+022.2C
2017-11-17 15:29:14.479887	+022.3C
2017-11-17 15:29:24.384835	+022.3C
2017-11-17 15:29:34.289835	+022.3C
2017-11-17 15:29:44.194884	+022.3C
2017-11-17 15:29:54.098868	+022.3C
2017-11-17 15:30:04.003827	+022.3C
2017-11-17 15:30:13.908122	+022.3C
2017-11-17 15:30:23.813931	+022.3C
2017-11-17 15:30:33.717842	+022.3C
2017-11-17 15:30:43.622879	+022.3C
2017-11-17 15:30:53.527863	+022.3C
2017-11-17 15:31:03.432864	+022.3C
2017-11-17 15:31:13.337797	+022.3C
2017-11-17 15:31:23.242879	+022.3C
2017-11-17 15:31:33.147860	+022.3C
2017-11-17 15:31:43.052928	+022.3C
2017-11-17 15:31:52.956881	+022.3C
2017-11-17 15:32:02.861871	+022.3C
2017-11-17 15:32:12.766884	+022.3C
2017-11-17 15:32:22.671853	+022.3C
2017-11-17 15:32:32.576878	+022.3C
2017-11-17 15:32:42.481950	+022.3C
2017-11-17 15:32:52.386943	+022.3C
2017-11-17 15:33:02.291924	+022.3C
2017-11-17 15:33:12.196089	+022.3C
2017-11-17 15:33:22.101969	+022.3C
2017-11-17 15:33:32.006041	+022.3C
2017-11-17 15:33:41.911979	+022.3C
2017-11-17 15:33:51.815888	+022.3C
2017-11-17 15:34:01.720977	+022.3C
2017-11-17 15:34:11.625947	+022.3C
2017-11-17 15:34:21.530859	+022.3C
2017-11-17 15:34:31.434883	+022.3C
2017-11-17 15:34:41.339964	+022.3C
2017-11-17 15:34:51.244078	+022.3C
2017-11-17 15:35:01.150174	+022.3C
2017-11-17 15:35:11.054029	+022.3C
2017-11-17 15:35:20.959958	+022.3C
2017-11-17 15:35:30.864852	+022.3C
2017-11-17 15:35:40.769948	+022.3C
2017-11-17 15:35:50.673864	+022.3C
2017-11-17 15:36:00.578897	+022.3C
2017-11-17 15:36:10.483922	+022.3C
2017-11-17 15:36:20.387785	+022.3C
2017-11-17 15:36:30.292837	+022.3C
2017-11-17 15:36:40.197062	+022.3C
2017-11-17 15:36:50.101826	+022.3C
2017-11-17 15:37:00.006859	+022.3C
2017-11-17 15:37:09.911932	+022.3C
2017-11-17 15:37:19.815889	+022.3C
2017-11-17 15:37:29.720878	+022.3C
2017-11-17 15:37:39.625925	+022.3C
2017-11-17 15:37:49.530857	+022.3C
2017-11-17 15:37:59.435030	+022.3C
2017-11-17 15:38:09.339922	+022.3C
2017-11-17 15:38:19.244088	+022.3C
2017-11-17 15:38:29.148882	+022.3C
2017-11-17 15:38:39.053811	+022.3C
2017-11-17 15:38:48.957884	+022.3C
2017-11-17 15:38:58.862888	+022.3C
2017-11-17 15:39:08.767856	+022.3C
2017-11-17 15:39:18.672866	+022.3C
2017-11-17 15:39:28.577926	+022.3C
2017-11-17 15:39:38.481793	+022.3C
2017-11-17 15:39:48.387088	+022.3C
2017-11-17 15:39:58.291862	+022.3C
2017-11-17 15:40:08.196315	+022.3C
2017-11-17 15:40:18.101903	+022.3C
2017-11-17 15:40:28.006819	+022.3C
2017-11-17 15:40:37.911217	+022.3C
2017-11-17 15:40:47.816101	+022.3C
2017-11-17 15:40:57.721915	+022.3C
2017-11-17 15:41:07.626826	+022.3C
2017-11-17 15:41:17.531881	+022.3C
2017-11-17 15:41:27.436134	+022.3C
2017-11-17 15:41:37.341919	+022.3C
2017-11-17 15:41:47.246904	+022.3C
2017-11-17 15:41:57.151011	+022.3C
2017-11-17 15:42:07.055964	+022.3C
2017-11-17 15:42:16.960999	+022.3C
2017-11-17 15:42:26.866903	+022.3C
2017-11-17 15:42:36.771013	+022.3C
2017-11-17 15:42:46.676903	+022.3C
2017-11-17 15:42:56.581920	+022.4C
2017-11-17 15:43:06.485860	+022.4C
2017-11-17 15:43:16.390775	+022.3C
2017-11-17 15:43:26.296205	+022.3C
2017-11-17 15:43:36.201874	+022.3C
2017-11-17 15:43:46.106858	+022.3C
2017-11-17 15:43:56.011878	+022.3C
2017-11-17 15:44:05.917718	+022.3C
2017-11-17 15:44:15.822859	+022.4C
2017-11-17 15:44:25.727839	+022.4C
2017-11-17 15:44:35.632821	+022.4C
2017-11-17 15:44:45.537791	+022.4C
2017-11-17 15:44:55.442794	+022.4C
2017-11-17 15:45:05.347835	+022.3C
2017-11-17 15:45:15.253901	+022.3C
2017-11-17 15:45:25.158846	+022.4C
2017-11-17 15:45:35.064903	+022.3C
2017-11-17 15:45:44.969836	+022.3C
2017-11-17 15:45:54.875903	+022.3C
2017-11-17 15:46:04.780856	+022.3C
2017-11-17 15:46:14.686897	+022.3C
2017-11-17 15:46:24.591810	+022.3C
2017-11-17 15:46:34.497904	+022.3C
2017-11-17 15:46:44.402886	+022.3C
2017-11-17 15:46:54.307859	+022.3C
2017-11-17 15:47:04.212822	+022.3C
2017-11-17 15:47:14.118917	+022.3C
2017-11-17 15:47:24.023910	+022.3C
2017-11-17 15:47:33.928817	+022.3C
2017-11-17 15:47:43.833860	+022.3C
2017-11-17 15:47:53.738785	+022.3C
2017-11-17 15:48:03.644928	+022.3C
2017-11-17 15:48:13.550270	+022.3C
2017-11-17 15:48:23.454858	+022.3C
2017-11-17 15:48:33.359879	+022.3C
2017-11-17 15:48:43.264857	+022.3C
2017-11-17 15:48:53.169883	+022.3C
2017-11-17 15:49:03.074858	+022.3C
2017-11-17 15:49:12.979792	+022.2C
2017-11-17 15:49:22.884841	+022.2C
2017-11-17 15:49:32.789859	+022.2C
2017-11-17 15:49:42.694916	+022.2C
2017-11-17 15:49:52.599821	+022.3C
2017-11-17 15:50:02.504821	+022.2C
2017-11-17 15:50:12.410908	+022.2C
2017-11-17 15:50:22.315860	+022.2C
2017-11-17 15:50:32.220849	+022.2C
2017-11-17 15:50:42.126820	+022.2C
2017-11-17 15:50:52.031016	+022.2C
2017-11-17 15:51:01.936902	+022.2C
2017-11-17 15:51:11.841799	+022.1C
2017-11-17 15:51:21.746763	+022.2C
2017-11-17 15:51:31.652826	+022.2C
2017-11-17 15:51:41.557268	+022.2C
2017-11-17 15:51:51.462886	+022.2C
2017-11-17 15:52:01.367769	+022.1C
2017-11-17 15:52:11.273903	+022.1C
2017-11-17 15:52:21.178077	+022.2C
2017-11-17 15:52:31.082880	+022.1C
2017-11-17 15:52:40.988820	+022.1C
2017-11-17 15:52:50.892821	+022.1C
2017-11-17 15:53:00.797859	+022.1C
2017-11-17 15:53:10.702884	+022.1C
2017-11-17 15:53:20.608905	+022.1C
2017-11-17 15:53:30.512763	+022.1C
2017-11-17 15:53:40.417844	+022.1C
2017-11-17 15:53:50.322786	+022.1C
2017-11-17 15:54:00.227860	+022.1C
2017-11-17 15:54:10.132722	+022.1C
2017-11-17 15:54:20.037863	+022.1C
2017-11-17 15:54:29.942876	+022.1C
2017-11-17 15:54:39.847740	+022.1C
2017-11-17 15:54:49.752734	+022.1C
2017-11-17 15:54:59.657841	+022.1C
2017-11-17 15:55:09.563904	+022.1C
2017-11-17 15:55:19.468905	+022.1C
2017-11-17 15:55:29.373902	+022.1C
2017-11-17 15:55:39.278906	+022.1C
2017-11-17 15:55:49.183879	+022.1C
2017-11-17 15:55:59.088878	+022.0C
2017-11-17 15:56:08.993855	+022.0C
2017-11-17 15:56:18.898797	+022.0C
2017-11-17 15:56:28.804272	+022.0C
2017-11-17 15:56:38.708906	+022.0C
2017-11-17 15:56:48.612866	+022.0C
2017-11-17 15:56:58.517740	+021.9C
2017-11-17 15:57:08.422101	+022.0C
2017-11-17 15:57:18.327904	+022.0C
2017-11-17 15:57:28.231864	+021.9C
2017-11-17 15:57:38.136883	+021.9C
2017-11-17 15:57:48.041915	+021.9C
2017-11-17 15:57:57.945823	+021.9C
2017-11-17 15:58:07.850864	+021.9C
2017-11-17 15:58:17.755880	+021.9C
2017-11-17 15:58:27.659793	+021.9C
2017-11-17 15:58:37.564856	+021.9C
2017-11-17 15:58:47.469821	+021.9C
2017-11-17 15:58:57.373931	+021.9C
2017-11-17 15:59:07.279962	+021.9C
2017-11-17 15:59:17.184905	+021.9C
2017-11-17 15:59:27.089879	+021.9C
2017-11-17 15:59:36.994831	+021.9C
2017-11-17 15:59:46.899859	+021.9C
2017-11-17 15:59:56.804857	+021.9C
2017-11-17 16:00:06.709835	+021.9C
2017-11-17 16:00:16.614862	+021.9C
2017-11-17 16:00:26.519864	+021.9C
2017-11-17 16:00:36.424858	+021.9C
2017-11-17 16:00:46.329820	+021.9C
2017-11-17 16:00:56.233841	+021.9C
2017-11-17 16:01:06.137762	+021.9C
2017-11-17 16:01:16.041879	+021.9C
2017-11-17 16:01:25.946841	+021.9C
2017-11-17 16:01:35.850868	+022.0C
2017-11-17 16:01:45.754856	+022.0C
2017-11-17 16:01:55.659903	+022.0C
2017-11-17 16:02:05.564904	+021.9C
2017-11-17 16:02:15.468776	+021.9C
2017-11-17 16:02:25.373780	+021.9C
2017-11-17 16:02:35.279893	+021.9C
2017-11-17 16:02:45.184793	+021.9C
2017-11-17 16:02:55.089904	+022.0C
2017-11-17 16:03:04.993901	+021.9C
2017-11-17 16:03:14.898765	+021.9C
2017-11-17 16:03:24.803843	+021.9C
2017-11-17 16:03:34.708863	+021.9C
2017-11-17 16:03:44.613977	+021.9C
2017-11-17 16:03:54.518860	+021.9C
2017-11-17 16:04:04.423856	+021.9C
2017-11-17 16:04:14.328888	+021.9C
2017-11-17 16:04:24.233808	+021.9C
2017-11-17 16:04:34.138777	+021.9C
2017-11-17 16:04:44.044904	+021.9C
2017-11-17 16:04:53.949901	+021.9C
2017-11-17 16:05:03.853882	+021.9C
2017-11-17 16:05:13.758857	+021.9C
2017-11-17 16:05:23.662790	+022.0C
2017-11-17 16:05:33.567828	+021.9C
2017-11-17 16:05:43.471876	+022.0C
2017-11-17 16:05:53.376902	+022.0C
2017-11-17 16:06:03.280793	+022.0C
2017-11-17 16:06:13.185756	+022.0C
2017-11-17 16:06:23.090903	+022.0C
2017-11-17 16:06:32.994856	+022.0C
2017-11-17 16:06:42.899906	+022.0C
2017-11-17 16:06:52.803863	+022.0C
2017-11-17 16:07:02.708902	+022.0C
2017-11-17 16:07:12.612883	+022.0C
2017-11-17 16:07:22.516857	+022.0C
2017-11-17 16:07:32.420843	+022.0C
2017-11-17 16:07:42.325904	+022.0C
2017-11-17 16:07:52.229739	+022.0C
2017-11-17 16:08:02.133775	+022.0C
2017-11-17 16:08:12.037958	+022.0C
2017-11-17 16:08:21.942797	+022.0C
2017-11-17 16:08:31.846837	+022.0C
2017-11-17 16:08:41.751848	+022.0C
2017-11-17 16:08:51.655854	+022.0C
2017-11-17 16:09:01.560898	+021.9C
2017-11-17 16:09:11.465931	+021.9C
2017-11-17 16:09:21.369803	+021.9C
2017-11-17 16:09:31.274862	+021.9C
2017-11-17 16:09:41.179905	+021.9C
2017-11-17 16:09:51.084154	+021.9C
2017-11-17 16:10:00.988820	+021.9C
2017-11-17 16:10:10.893890	+021.9C
2017-11-17 16:10:20.798904	+021.9C
2017-11-17 16:10:30.703901	+021.9C
2017-11-17 16:10:40.608903	+021.9C
2017-11-17 16:10:50.513743	+021.9C
2017-11-17 16:11:00.419024	+021.9C
2017-11-17 16:11:10.322712	+021.9C
2017-11-17 16:11:20.227739	+021.9C
2017-11-17 16:11:30.132918	+022.0C
2017-11-17 16:11:40.036796	+022.0C
2017-11-17 16:11:49.941823	+022.0C
2017-11-17 16:11:59.845857	+022.0C
2017-11-17 16:12:09.750901	+022.0C
2017-11-17 16:12:19.654841	+022.0C
2017-11-17 16:12:29.560008	+021.9C
2017-11-17 16:12:39.463739	+022.0C
2017-11-17 16:12:49.368903	+022.0C
2017-11-17 16:12:59.273902	+022.0C
2017-11-17 16:13:09.178857	+021.9C
2017-11-17 16:13:19.083819	+021.9C
2017-11-17 16:13:28.988904	+022.0C
2017-11-17 16:13:38.893878	+021.9C
2017-11-17 16:13:48.798815	+022.0C
2017-11-17 16:13:58.704903	+021.9C
2017-11-17 16:14:08.609859	+021.9C
2017-11-17 16:14:18.514857	+021.9C
2017-11-17 16:14:28.419869	+021.9C
2017-11-17 16:14:38.324931	+021.9C
2017-11-17 16:14:48.229794	+021.9C
2017-11-17 16:14:58.134844	+021.9C
2017-11-17 16:15:08.039834	+022.0C
2017-11-17 16:15:17.944859	+021.9C
2017-11-17 16:15:27.849837	+021.9C
2017-11-17 16:15:37.754865	+021.9C
2017-11-17 16:15:47.659793	+021.9C
2017-11-17 16:15:57.564858	+021.9C
2017-11-17 16:16:07.469867	+022.0C
2017-11-17 16:16:17.374813	+022.0C
2017-11-17 16:16:27.278842	+022.0C
2017-11-17 16:16:37.183796	+022.0C
2017-11-17 16:16:47.088085	+022.0C
2017-11-17 16:16:56.992845	+022.0C
2017-11-17 16:17:06.897820	+022.0C
2017-11-17 16:17:16.801864	+022.0C
2017-11-17 16:17:26.707040	+022.0C
2017-11-17 16:17:36.610858	+022.0C
2017-11-17 16:17:46.514786	+022.0C
2017-11-17 16:17:56.420091	+021.9C
2017-11-17 16:18:06.323791	+022.0C
2017-11-17 16:18:16.228062	+022.0C
2017-11-17 16:18:26.132857	+022.0C
2017-11-17 16:18:36.037819	+021.9C
2017-11-17 16:18:45.941856	+022.0C
2017-11-17 16:18:55.846095	+022.0C
2017-11-17 16:19:05.750903	+022.0C
2017-11-17 16:19:15.654739	+022.0C
2017-11-17 16:19:25.558986	+022.0C
2017-11-17 16:19:35.463907	+022.0C
2017-11-17 16:19:45.367901	+022.0C
2017-11-17 16:19:55.271865	+022.0C
2017-11-17 16:20:05.176214	+021.9C
2017-11-17 16:20:15.080887	+021.9C
2017-11-17 16:20:24.985859	+021.9C
2017-11-17 16:20:34.890902	+021.9C
2017-11-17 16:20:44.794849	+021.9C
2017-11-17 16:20:54.699914	+021.9C
2017-11-17 16:21:04.605902	+021.9C
2017-11-17 16:21:14.510907	+021.9C
2017-11-17 16:21:24.415792	+021.9C
2017-11-17 16:21:34.320792	+021.9C
2017-11-17 16:21:44.226882	+021.9C
2017-11-17 16:21:54.131824	+021.9C
2017-11-17 16:22:04.036694	+021.9C
2017-11-17 16:22:13.942858	+021.9C
2017-11-17 16:22:23.847819	+021.9C
2017-11-17 16:22:33.753062	+022.0C
2017-11-17 16:22:43.658725	+022.0C
2017-11-17 16:22:53.563837	+022.0C
2017-11-17 16:23:03.468903	+022.0C
2017-11-17 16:23:13.373902	+022.0C
2017-11-17 16:23:23.278906	+022.1C
2017-11-17 16:23:33.182740	+022.1C
2017-11-17 16:23:43.087901	+022.1C
2017-11-17 16:23:52.992948	+022.1C
2017-11-17 16:24:02.896762	+022.1C
2017-11-17 16:24:12.801894	+022.1C
2017-11-17 16:24:22.706012	+022.1C
2017-11-17 16:24:32.610792	+022.1C
2017-11-17 16:24:42.515014	+022.1C
2017-11-17 16:24:52.419881	+022.1C
2017-11-17 16:25:02.323860	+022.1C
2017-11-17 16:25:12.228876	+022.1C
2017-11-17 16:25:22.132878	+022.1C
2017-11-17 16:25:32.037929	+022.1C
2017-11-17 16:25:41.941795	+022.1C
2017-11-17 16:25:51.845858	+022.1C
2017-11-17 16:26:01.749777	+022.1C
2017-11-17 16:26:11.655093	+022.1C
2017-11-17 16:26:21.559881	+022.1C
2017-11-17 16:26:31.464882	+022.1C
2017-11-17 16:26:41.369938	+022.1C
2017-11-17 16:26:51.273890	+022.1C
2017-11-17 16:27:01.178902	+022.1C
2017-11-17 16:27:11.083817	+022.1C
2017-11-17 16:27:20.988985	+022.1C
2017-11-17 16:27:30.892855	+022.1C
2017-11-17 16:27:40.797026	+022.1C
2017-11-17 16:27:50.701892	+022.1C
2017-11-17 16:28:00.605879	+022.1C
2017-11-17 16:28:10.510882	+022.1C
2017-11-17 16:28:20.415873	+022.1C
2017-11-17 16:28:30.320899	+022.2C
2017-11-17 16:28:40.225925	+022.1C
2017-11-17 16:28:50.129878	+022.2C
2017-11-17 16:29:00.034950	+022.2C
2017-11-17 16:29:09.939924	+022.2C
2017-11-17 16:29:19.843864	+022.2C
2017-11-17 16:29:29.748881	+022.2C
2017-11-17 16:29:39.653085	+022.2C
2017-11-17 16:29:49.559006	+022.2C
2017-11-17 16:29:59.463925	+022.3C
2017-11-17 16:30:09.367797	+022.2C
2017-11-17 16:30:19.272710	+022.3C
2017-11-17 16:30:29.177064	+022.3C
2017-11-17 16:30:39.081891	+022.3C
2017-11-17 16:30:48.986749	+022.3C
2017-11-17 16:30:58.890980	+022.3C
2017-11-17 16:31:08.795873	+022.3C
2017-11-17 16:31:18.700876	+022.3C
2017-11-17 16:31:28.604898	+022.3C
2017-11-17 16:31:38.509757	+022.3C
2017-11-17 16:31:48.413880	+022.3C
2017-11-17 16:31:58.318937	+022.3C
2017-11-17 16:32:08.223838	+022.3C
2017-11-17 16:32:18.128905	+022.3C
2017-11-17 16:32:28.033883	+022.3C
2017-11-17 16:32:37.939752	+022.3C
2017-11-17 16:32:47.844974	+022.2C
2017-11-17 16:32:57.749907	+022.3C
2017-11-17 16:33:07.654877	+022.3C
2017-11-17 16:33:17.559799	+022.2C
2017-11-17 16:33:27.463907	+022.3C
2017-11-17 16:33:37.369895	+022.2C
2017-11-17 16:33:47.273790	+022.2C
2017-11-17 16:33:57.178701	+022.2C
2017-11-17 16:34:07.083833	+022.2C
2017-11-17 16:34:16.988743	+022.2C
2017-11-17 16:34:26.893977	+022.2C
2017-11-17 16:34:36.798746	+022.2C
2017-11-17 16:34:46.703742	+022.2C
2017-11-17 16:34:56.607744	+022.2C
2017-11-17 16:35:06.512704	+022.2C
2017-11-17 16:35:16.417829	+022.2C
2017-11-17 16:35:26.322916	+022.2C
2017-11-17 16:35:36.226884	+022.2C
2017-11-17 16:35:46.131811	+022.2C
2017-11-17 16:35:56.035873	+022.2C
2017-11-17 16:36:05.940793	+022.2C
2017-11-17 16:36:15.845953	+022.2C
2017-11-17 16:36:25.750821	+022.2C
2017-11-17 16:36:35.655821	+022.3C
2017-11-17 16:36:45.559858	+022.3C
2017-11-17 16:36:55.464857	+022.3C
2017-11-17 16:37:05.369876	+022.3C
2017-11-17 16:37:15.274796	+022.3C
2017-11-17 16:37:25.179916	+022.3C
2017-11-17 16:37:35.083864	+022.3C
2017-11-17 16:37:44.988016	+022.3C
2017-11-17 16:37:54.892796	+022.3C
2017-11-17 16:38:04.796844	+022.3C
2017-11-17 16:38:14.701916	+022.3C
2017-11-17 16:38:24.605833	+022.3C
2017-11-17 16:38:34.510080	+022.3C
2017-11-17 16:38:44.414862	+022.3C
2017-11-17 16:38:54.319903	+022.3C
2017-11-17 16:39:04.223793	+022.3C
2017-11-17 16:39:14.128794	+022.3C
2017-11-17 16:39:24.033726	+022.3C
2017-11-17 16:39:33.937829	+022.3C
2017-11-17 16:39:43.842670	+022.3C
2017-11-17 16:39:53.747807	+022.3C
2017-11-17 16:40:03.652902	+022.3C
2017-11-17 16:40:13.556992	+022.3C
2017-11-17 16:40:23.460858	+022.3C
2017-11-17 16:40:33.364779	+022.3C
2017-11-17 16:40:43.269797	+022.3C
2017-11-17 16:40:53.174771	+022.3C
2017-11-17 16:41:03.079901	+022.3C
2017-11-17 16:41:12.984930	+022.3C
2017-11-17 16:41:22.889907	+022.3C
2017-11-17 16:41:32.793792	+022.3C
2017-11-17 16:41:42.698789	+022.3C
2017-11-17 16:41:52.603802	+022.3C
2017-11-17 16:42:02.508019	+022.3C
2017-11-17 16:42:12.412806	+022.3C
2017-11-17 16:42:22.317823	+022.3C
2017-11-17 16:42:32.222139	+022.3C
2017-11-17 16:42:42.126846	+022.3C
2017-11-17 16:42:52.031918	+022.3C
2017-11-17 16:43:01.936906	+022.3C
2017-11-17 16:43:11.840850	+022.3C
2017-11-17 16:43:21.745898	+022.3C
2017-11-17 16:43:31.649856	+022.3C
2017-11-17 16:43:41.554863	+022.3C
2017-11-17 16:43:51.460906	+022.3C
2017-11-17 16:44:01.364792	+022.3C
2017-11-17 16:44:11.269843	+022.3C
2017-11-17 16:44:21.174793	+022.3C
2017-11-17 16:44:31.079833	+022.3C
2017-11-17 16:44:40.984880	+022.3C
2017-11-17 16:44:50.889904	+022.3C
2017-11-17 16:45:00.793887	+022.3C
2017-11-17 16:45:10.698008	+022.3C
2017-11-17 16:45:20.602857	+022.3C
2017-11-17 16:45:30.507882	+022.3C
2017-11-17 16:45:40.411853	+022.3C
2017-11-17 16:45:50.316868	+022.3C
2017-11-17 16:46:00.221231	+022.3C
2017-11-17 16:46:10.126821	+022.3C
2017-11-17 16:46:20.030841	+022.3C
2017-11-17 16:46:29.935903	+022.3C
2017-11-17 16:46:39.839844	+022.3C
2017-11-17 16:46:49.744833	+022.3C
2017-11-17 16:46:59.649806	+022.3C
2017-11-17 16:47:09.553787	+022.3C
2017-11-17 16:47:19.458690	+022.3C
2017-11-17 16:47:29.363882	+022.3C
2017-11-17 16:47:39.268734	+022.3C
2017-11-17 16:47:49.172738	+022.3C
2017-11-17 16:47:59.077783	+022.3C
2017-11-17 16:48:08.982777	+022.3C
2017-11-17 16:48:18.886787	+022.3C
2017-11-17 16:48:28.791747	+022.3C
2017-11-17 16:48:38.696074	+022.3C
2017-11-17 16:48:48.599730	+022.3C
2017-11-17 16:48:58.504085	+022.3C
2017-11-17 16:49:08.408966	+022.3C
2017-11-17 16:49:18.312763	+022.3C
2017-11-17 16:49:28.217903	+022.3C
2017-11-17 16:49:38.121702	+022.3C
2017-11-17 16:49:48.025861	+022.3C
2017-11-17 16:49:57.929776	+022.3C
2017-11-17 16:50:07.834892	+022.3C
2017-11-17 16:50:17.738845	+022.3C
2017-11-17 16:50:27.643932	+022.3C
2017-11-17 16:50:37.548059	+022.3C
2017-11-17 16:50:47.451796	+022.3C
2017-11-17 16:50:57.357275	+022.3C
2017-11-17 16:51:07.260790	+022.3C
2017-11-17 16:51:17.165906	+022.3C
2017-11-17 16:51:27.071089	+022.3C
2017-11-17 16:51:36.975860	+022.3C
2017-11-17 16:51:46.880796	+022.3C
2017-11-17 16:51:56.786785	+022.3C
2017-11-17 16:52:06.691945	+022.3C
2017-11-17 16:52:16.596906	+022.3C
2017-11-17 16:52:26.501889	+022.3C
2017-11-17 16:52:36.406931	+022.3C
2017-11-17 16:52:46.310859	+022.3C
2017-11-17 16:52:56.215879	+022.3C
2017-11-17 16:53:06.120904	+022.3C
2017-11-17 16:53:16.025902	+022.3C
2017-11-17 16:53:25.929862	+022.3C
2017-11-17 16:53:35.834880	+022.3C
2017-11-17 16:53:45.739903	+022.3C
2017-11-17 16:53:55.644794	+022.3C
2017-11-17 16:54:05.549743	+022.3C
2017-11-17 16:54:15.454852	+022.3C
2017-11-17 16:54:25.359224	+022.3C
2017-11-17 16:54:35.264902	+022.3C
2017-11-17 16:54:45.169878	+022.3C
2017-11-17 16:54:55.074818	+022.3C
2017-11-17 16:55:04.979905	+022.3C
2017-11-17 16:55:14.883803	+022.3C
2017-11-17 16:55:24.788011	+022.3C
2017-11-17 16:55:34.692976	+022.3C
2017-11-17 16:55:44.597907	+022.3C
2017-11-17 16:55:54.501797	+022.3C
2017-11-17 16:56:04.405860	+022.3C
2017-11-17 16:56:14.310859	+022.3C
2017-11-17 16:56:24.214864	+022.3C
2017-11-17 16:56:34.119875	+022.3C
2017-11-17 16:56:44.023853	+022.3C
2017-11-17 16:56:53.928887	+022.3C
2017-11-17 16:57:03.833905	+022.3C
2017-11-17 16:57:13.737844	+022.3C
2017-11-17 16:57:23.642889	+022.3C
2017-11-17 16:57:33.548043	+022.3C
2017-11-17 16:57:43.452862	+022.3C
2017-11-17 16:57:53.357898	+022.3C
2017-11-17 16:58:03.262057	+022.3C
2017-11-17 16:58:13.167180	+022.3C
2017-11-17 16:58:23.071935	+022.3C
2017-11-17 16:58:32.976945	+022.3C
2017-11-17 16:58:42.881051	+022.3C
2017-11-17 16:58:52.785884	+022.3C
2017-11-17 16:59:02.690803	+022.3C
2017-11-17 16:59:12.595012	+022.4C
2017-11-17 16:59:22.499777	+022.4C
2017-11-17 16:59:32.404840	+022.4C
2017-11-17 16:59:42.309905	+022.3C
2017-11-17 16:59:52.214853	+022.3C
2017-11-17 17:00:02.119905	+022.3C
2017-11-17 17:00:12.025722	+022.3C
2017-11-17 17:00:21.929903	+022.4C
2017-11-17 17:00:31.834906	+022.3C
2017-11-17 17:00:41.738872	+022.3C
2017-11-17 17:00:51.644005	+022.3C
2017-11-17 17:01:01.547919	+022.4C
2017-11-17 17:01:11.453101	+022.4C
2017-11-17 17:01:21.357858	+022.4C
2017-11-17 17:01:31.262201	+022.4C
2017-11-17 17:01:41.167149	+022.4C
2017-11-17 17:01:51.071793	+022.4C
2017-11-17 17:02:00.977082	+022.4C
2017-11-17 17:02:10.882164	+022.4C
2017-11-17 17:02:20.786009	+022.4C
2017-11-17 17:02:30.691163	+022.4C
2017-11-17 17:02:40.595847	+022.4C
2017-11-17 17:02:50.500858	+022.4C
2017-11-17 17:03:00.405880	+022.4C
2017-11-17 17:03:10.310907	+022.4C
2017-11-17 17:03:20.215872	+022.4C
2017-11-17 17:03:30.119847	+022.4C
2017-11-17 17:03:40.024843	+022.5C
2017-11-17 17:03:49.929860	+022.5C
2017-11-17 17:03:59.834756	+022.5C
2017-11-17 17:04:09.740171	+022.5C
2017-11-17 17:04:19.644904	+022.5C
2017-11-17 17:04:29.548891	+022.5C
2017-11-17 17:04:39.453880	+022.5C
2017-11-17 17:04:49.359085	+022.5C
2017-11-17 17:04:59.262864	+022.5C
2017-11-17 17:05:09.167075	+022.5C
2017-11-17 17:05:19.071876	+022.5C
2017-11-17 17:05:28.976027	+022.5C
2017-11-17 17:05:38.880851	+022.5C
2017-11-17 17:05:48.785854	+022.5C
2017-11-17 17:05:58.689844	+022.5C
2017-11-17 17:06:08.594728	+022.5C
2017-11-17 17:06:18.498861	+022.5C
2017-11-17 17:06:28.403863	+022.5C
2017-11-17 17:06:38.307860	+022.5C
2017-11-17 17:06:48.212858	+022.6C
2017-11-17 17:06:58.118268	+022.6C
2017-11-17 17:07:08.022861	+022.6C
2017-11-17 17:07:17.928020	+022.6C
2017-11-17 17:07:27.831872	+022.6C
2017-11-17 17:07:37.735776	+022.6C
2017-11-17 17:07:47.641102	+022.6C
2017-11-17 17:07:57.544806	+022.6C
2017-11-17 17:08:07.449844	+022.6C
2017-11-17 17:08:17.354860	+022.6C
2017-11-17 17:08:27.259858	+022.6C
2017-11-17 17:08:37.164075	+022.6C
2017-11-17 17:08:47.068864	+022.6C
2017-11-17 17:08:56.973004	+022.6C
2017-11-17 17:09:06.878135	+022.6C
2017-11-17 17:09:16.782911	+022.6C
2017-11-17 17:09:26.686789	+022.6C
2017-11-17 17:09:36.590868	+022.6C
2017-11-17 17:09:46.494955	+022.6C
2017-11-17 17:09:56.399846	+022.6C
2017-11-17 17:10:06.304909	+022.6C
2017-11-17 17:10:16.209902	+022.6C
2017-11-17 17:10:26.113856	+022.6C
2017-11-17 17:10:36.018876	+022.6C
2017-11-17 17:10:45.922917	+022.6C
2017-11-17 17:10:55.826910	+022.6C
2017-11-17 17:11:05.730881	+022.6C
2017-11-17 17:11:15.635740	+022.6C
2017-11-17 17:11:25.539857	+022.6C
2017-11-17 17:11:35.443977	+022.6C
2017-11-17 17:11:45.347725	+022.6C
2017-11-17 17:11:55.251877	+022.6C
2017-11-17 17:12:05.155846	+022.6C
2017-11-17 17:12:15.059852	+022.6C
2017-11-17 17:12:24.964073	+022.6C
2017-11-17 17:12:34.868903	+022.6C
2017-11-17 17:12:44.771874	+022.6C
2017-11-17 17:12:54.675866	+022.6C
2017-11-17 17:13:04.579899	+022.6C
2017-11-17 17:13:14.484800	+022.6C
2017-11-17 17:13:24.388904	+022.6C
2017-11-17 17:13:34.292881	+022.6C
2017-11-17 17:13:44.196858	+022.6C
2017-11-17 17:13:54.100864	+022.6C
2017-11-17 17:14:04.004849	+022.6C
2017-11-17 17:14:13.909054	+022.6C
2017-11-17 17:14:23.813903	+022.6C
2017-11-17 17:14:33.717846	+022.6C
2017-11-17 17:14:43.621875	+022.6C
2017-11-17 17:14:53.525889	+022.6C
2017-11-17 17:15:03.430907	+022.6C
2017-11-17 17:15:13.334845	+022.6C
2017-11-17 17:15:23.239014	+022.6C
2017-11-17 17:15:33.143866	+022.6C
2017-11-17 17:15:43.047787	+022.6C
2017-11-17 17:15:52.952942	+022.6C
2017-11-17 17:16:02.856863	+022.6C
2017-11-17 17:16:12.762280	+022.6C
2017-11-17 17:16:22.665423	+022.6C
2017-11-17 17:16:32.569767	+022.6C
2017-11-17 17:16:42.474902	+022.6C
2017-11-17 17:16:52.378820	+022.7C
2017-11-17 17:17:02.282787	+022.6C
2017-11-17 17:17:12.188002	+022.6C
2017-11-17 17:17:22.091875	+022.6C
2017-11-17 17:17:31.996901	+022.6C
2017-11-17 17:17:41.900841	+022.6C
2017-11-17 17:17:51.804742	+022.6C
2017-11-17 17:18:01.710019	+022.6C
2017-11-17 17:18:11.614811	+022.6C
2017-11-17 17:18:21.518856	+022.6C
2017-11-17 17:18:31.423914	+022.6C
2017-11-17 17:18:41.327724	+022.6C
2017-11-17 17:18:51.232774	+022.6C
2017-11-17 17:19:01.137903	+022.6C
2017-11-17 17:19:11.041861	+022.6C
2017-11-17 17:19:20.945861	+022.6C
2017-11-17 17:19:30.849980	+022.6C
2017-11-17 17:19:40.754857	+022.6C
2017-11-17 17:19:50.659906	+022.6C
2017-11-17 17:20:00.563844	+022.6C
2017-11-17 17:20:10.468846	+022.6C
2017-11-17 17:20:20.373864	+022.6C
2017-11-17 17:20:30.278770	+022.6C
2017-11-17 17:20:40.184090	+022.6C
2017-11-17 17:20:50.088856	+022.6C
2017-11-17 17:20:59.993857	+022.6C
2017-11-17 17:21:09.898860	+022.6C
2017-11-17 17:21:19.803909	+022.6C
2017-11-17 17:21:29.708862	+022.6C
2017-11-17 17:21:39.613790	+022.6C
2017-11-17 17:21:49.518910	+022.6C
2017-11-17 17:21:59.423787	+022.6C
2017-11-17 17:22:09.328916	+022.6C
2017-11-17 17:22:19.234863	+022.7C
2017-11-17 17:22:29.140811	+022.6C
2017-11-17 17:22:39.046936	+022.7C
2017-11-17 17:22:48.952892	+022.6C
2017-11-17 17:22:58.858868	+022.6C
2017-11-17 17:23:08.763365	+022.6C
2017-11-17 17:23:18.668910	+022.7C
2017-11-17 17:23:28.574864	+022.7C
2017-11-17 17:23:38.479119	+022.7C
2017-11-17 17:23:48.384879	+022.7C
2017-11-17 17:23:58.289874	+022.6C
2017-11-17 17:24:08.194860	+022.6C
2017-11-17 17:24:18.099879	+022.6C
2017-11-17 17:24:28.005990	+022.6C
2017-11-17 17:24:37.911950	+022.6C
2017-11-17 17:24:47.816859	+022.6C
2017-11-17 17:24:57.722091	+022.6C
2017-11-17 17:25:07.627948	+022.6C
2017-11-17 17:25:17.533902	+022.6C
2017-11-17 17:25:27.438763	+022.6C
2017-11-17 17:25:37.344858	+022.6C
2017-11-17 17:25:47.250840	+022.6C
2017-11-17 17:25:57.155906	+022.6C
2017-11-17 17:26:07.061795	+022.6C
2017-11-17 17:26:16.967720	+022.6C
2017-11-17 17:26:26.873799	+022.6C
2017-11-17 17:26:36.779827	+022.6C
2017-11-17 17:26:46.685726	+022.6C
2017-11-17 17:26:56.590795	+022.6C
2017-11-17 17:27:06.496795	+022.6C
2017-11-17 17:27:16.402825	+022.6C
2017-11-17 17:27:26.307786	+022.6C
2017-11-17 17:27:36.213749	+022.6C
2017-11-17 17:27:46.119907	+022.6C
2017-11-17 17:27:56.024793	+022.6C
2017-11-17 17:28:05.930810	+022.7C
2017-11-17 17:28:15.835843	+022.7C
2017-11-17 17:28:25.741910	+022.7C
2017-11-17 17:28:35.646875	+022.7C
2017-11-17 17:28:45.551800	+022.7C
2017-11-17 17:28:55.456872	+022.7C
2017-11-17 17:29:05.361851	+022.7C
2017-11-17 17:29:15.266794	+022.7C
2017-11-17 17:29:25.171804	+022.7C
2017-11-17 17:29:35.076797	+022.7C
2017-11-17 17:29:44.981808	+022.7C
2017-11-17 17:29:54.887905	+022.7C
2017-11-17 17:30:04.792927	+022.7C
2017-11-17 17:30:14.697787	+022.7C
2017-11-17 17:30:24.602775	+022.7C
2017-11-17 17:30:34.508768	+022.7C
2017-11-17 17:30:44.414929	+022.7C
2017-11-17 17:30:54.319792	+022.7C
2017-11-17 17:31:04.224775	+022.7C
2017-11-17 17:31:14.130017	+022.7C
2017-11-17 17:31:24.035843	+022.7C
2017-11-17 17:31:33.940830	+022.7C
2017-11-17 17:31:43.846733	+022.7C
2017-11-17 17:31:53.751882	+022.7C
2017-11-17 17:32:03.657836	+022.7C
2017-11-17 17:32:13.562861	+022.7C
2017-11-17 17:32:23.468864	+022.7C
2017-11-17 17:32:33.374073	+022.7C
2017-11-17 17:32:43.279773	+022.7C
2017-11-17 17:32:53.185864	+022.7C
2017-11-17 17:33:03.090864	+022.7C
2017-11-17 17:33:12.995861	+022.7C
2017-11-17 17:33:22.900789	+022.7C
2017-11-17 17:33:32.805879	+022.7C
2017-11-17 17:33:42.710859	+022.7C
2017-11-17 17:33:52.616903	+022.8C
2017-11-17 17:34:02.521016	+022.7C
2017-11-17 17:34:12.426881	+022.7C
2017-11-17 17:34:22.331865	+022.7C
2017-11-17 17:34:32.237698	+022.7C
2017-11-17 17:34:42.142858	+022.7C
2017-11-17 17:34:52.047711	+022.7C
2017-11-17 17:35:01.952860	+022.7C
2017-11-17 17:35:11.857864	+022.7C
2017-11-17 17:35:21.762761	+022.7C
2017-11-17 17:35:31.669001	+022.7C
2017-11-17 17:35:41.573757	+022.7C
